{
  "auc_roc": 0.9975649794863942,
  "f1_anomaly": 0.8707909162098669,
  "precision_anomaly": 0.8769716088328076,
  "recall_anomaly": 0.864696734059098,
  "total_events": 21132,
  "total_anomalies": 643,
  "confusion_matrix": [
    [
      20411,
      78
    ],
    [
      87,
      556
    ]
  ],
  "model_last_trained": "2026-02-03T13:43:04.326604"
}