{
  "auc_roc": 0.9976366691124082,
  "f1_anomaly": 0.7455830388692579,
  "precision_anomaly": 0.6011396011396012,
  "recall_anomaly": 0.9813953488372092,
  "total_events": 21057,
  "total_anomalies": 645,
  "confusion_matrix": [
    [
      19992,
      420
    ],
    [
      12,
      633
    ]
  ],
  "model_last_trained": "2025-12-04T17:41:10.695358"
}